N: Pauli Anttila
E: pauli.anttila@gmail.com
D: Developer

N: David R Bacon
E: dbacon@cis.ksu.edu
D: Developer

N: Juergen Beisert
E: j.beisert@pengutronix.de
W: http://www.pengutronix.de
D: Maintainer
S: Pengutronix
S: Peiner Strasse 6-8
S: 31137 Hildesheim
S: Germany

N: Gilad Ben-Yossef
E: gilad@codefidence.com
D: Developer

N: Enrik Berkhan
E: Enrik.Berkhan@ge.com
D: Developer

N: Kai-Uwe Bloem
E: kai-uwe.bloem@auerswald.de
W: http://www.auerswald.de
D: Developer
S: Gesellschaft fuer Datensysteme mbH
S: Vor den Grashöfen 1
S: 38162 Cremlingen
S: Germany

N: Milan-Dinkar Bobde
E: bobde@usc.edu
D: Developer
S: Ixia Corp.

N: Alessio Igor Bogani
E: abogani@texware.it
D: Developer

N: Remy Bohmer
E: linux@bohmer.net
D: Developer

N: Bjoern Buerger
E: b.buerger@pengutronix.de
D: Maintainer
S: Pengutronix
S: Peiner Strasse 6-8
S: 31137 Hildesheim
S: Germany

N: Marco Cavallini
E: m.cavallini@koansoftware.com
W: http://www.koansoftware.com
D: Developer
S: Koan s.a.s.
S: Via Pascoli, 3
S: 24121 Bergamo
S: Italia

N: Vince Chen
E: chen@glimmerglass.com
D: Developer

N: Gilbert Forkel
E: gilbert@ulixes.erlangen.ccc.de
D: Developer

N: Brandon Fosdick
E: bfosdick@dash.net
D: Developer

N: Jean-Philippe Francois
E: jp.francois@cynove.com
D: Developer

N: Christian Gagneraud
E: chgans@free.fr
E: chgans@gna.org
D: Developer

N: Guillaume Gourat
E: guillaume.forum@free.fr
D: Developer

N: Graham Gower
E: graham.gower@gmail.com
D: Developer

N: Yannick Granger
E: yannick.granger@dioptik.com
D: Developer

N: Sascha Hauer
E: s.hauer@pengutronix.de
W: http://www.pengutronix.de
D: Maintainer
S: Pengutronix
S: Peiner Strasse 6-8
S: 31137 Hildesheim
S: Germany

N: Martin Hejnfelt
E: <mh@newtec.dk>
D: Developer

N: Roland Hostettler
E: r.hostettler@gmx.ch
D: Developer

N: Lev Iserovich
E: lev.iserovich@deshaw.com
D: Developer
S: D.E. Shaw Research

N: Dan Kegel
E: dank@kegel.com
D: Developer
S: Ixia Corp.

N: Juergen Kilb
E: j.kilb@phytec.de
D: Developer
S: Phytec Messtechnik GmbH

N: Marc Kleine-Budde
E: m.kleine-budde@pengutronix.de
D: Maintainer
S: Peiner Strasse 6-8
S: 31137 Hildesheim
S: Germany

N: Denis Oliver Kropp
E: dok@directfb.org
D: Developer

N: Claudio Leonel
E: cls@elaxys.com.br
D: Developer

N: Stephan Linz
E: linz@li-pro.net
W: http://www.li-pro.net
W: http://www.li-pro.de
D: Developer

N: Shahar Livne
E: livnes@gmail.com
D: Developer

N: Randall Loomis
E: rloomis@solectek.com
D: Developer

N: Ladislav Michl
E: ladis@linux-mips.org
D: Maintainer

N: Marek Moeckel
E: marek@discarded-ideas.org
D: Developer

N: Jiri Nesladek
D: Developer

N: Michael Olbrich
E: m.olbrich@pengutronix.de
D: Developer

N: Oscar Peredo
E: oscar@exis.cl
D: Developer

N: Ryan Raasch
E: <ryan.raasch@gmail.com>
D: Developer

N: Jon Ringle
E: <jon@ringle.org>
D: Developer

N: Chuck Robey
E: chuckr@chuckr.org
D: Developer

N: Erwin Rol
E: erwin@erwinrol.com
D: Developer

N: Ulf Samuelsson
E: ulf@atmel.com
D: Developer

N: Wolfram Sang
E: w.sang@pengutronix.de
W: http://www.pengutronix.de
D: Developer
S: Pengutronix
S: Peiner Strasse 6-8
S: 31137 Hildesheim
S: Germany

N: Werner Schmitt
E: mail2ws@gmx.de
D: Developer

N: Daniel Schnell
E: daniel.schnell@marel.com
D: Developer

N: Britta Schwebel
E: b.schwebel@pengutronix.de
D: Debugger, Head of Unlogical Code Department

N: Robert Schwebel
E: r.schwebel@pengutronix.de
W: http://www.pengutronix.de
D: Project Leader, Maintainer, Release Manager
S: Pengutronix
S: Peiner Strasse 6-8
S: 31137 Hildesheim
S: Germany

N: Tom St
E: t.st1@gmx.net
D: Developer

N: Jochen Striepe
E: jochen@tolot.escape.de
D: Developer

N: Jari Takkala
E: Jari.Takkala@Q9.com
D: Developer

N: Gary Thomas
E: gary@mlbassoc.com
D: Developer

N: Rex Tsai
E: chihchun@debian.org.tw
D: Developer

N: David Updegraff
E: dave@cray.com
D: Developer

N: Thibaut Varene
E: varenet@parisc-linux.org
D: Developer

N: Jan Weitzel
E: j.weitzel@phytec.de
D: Developer

N: Mike Wakerly
E: mike.wakerly@gmail.com
D: Developer

N: Tim Sander
E: tim.sander@hbm.com
D: Developer
